{

  "description": "A basic stacked bar chart example.",
  "width": 300,
  "height": 300,
  "padding": 5,

  "data": [
    {
      "name": "table",
      "values": [
        {"x": "first", "y": 145, "c": "femal"}, {"x":"first", "y": 180, "c": "male"},
        {"x": "second","y": 106, "c": "femal"},  {"x":"second", "y": 179, "c": "male"},
        {"x": "third", "y": 196, "c": "femal"},  {"x":"third", "y":510, "c": "male"},
        {"x": "crew", "y": 23, "c": "femal"}, {"x":  "crew", "y":862, "c": "male"}


      ],

      "transform": [
        {
          "type": "stack",
          "groupby": ["x"],
          "sort": {"field": "c"},
          "field": "y"
        }
      ]
    }

  ],

  "signals": [
    {  "name":"tooltip",
      "value":{},
      "on": [
        {"events":"rect:mouseover","update":"datum"},
        {"events":"rect:mouseout","update":"{}"}
      ]
    }
  
  ],

  "scales": [
    {
      "name": "x",
      "type": "band",
      "range": "width",
      "domain": {"data": "table", "field": "x"}
    },

    {
      "name": "y",
      "type": "linear",
      "range": "height",
      "nice": true, "zero": true,
      "domain": {"data": "table", "field": "y1"}
    },

    {
      "name": "color",
      "type": "ordinal",
      "range": "category",
      "domain": {"data": "table", "field": "c"}
    }

  ],

  "axes": [
    {"orient": "bottom", "scale": "x", "zindex": 1},
    {"orient": "left", "scale": "y", "zindex": 1}
  ],

  "marks": [
    {
      "type": "rect",
      "from": {"data": "table"},
      "encode": {
        "enter": {
          "x": {"scale": "x", "field": "x"},
          "width": {"scale": "x", "band": 1, "offset": -1},
          "y": {"scale": "y", "field": "y0"},
          "y2": {"scale": "y", "field": "y1"},
          "fill": {"scale": "color", "field": "c"}
        },
        "update": {
          "fillOpacity": {"value": 1}
      
        },
        "hover": {
          "fillOpacity": {"value": 0.5}
        
        }
      }
    },

    {
      "type": "text",
      "encode": {
        "enter":{
          "align":{"value":"center"},
          "baseline":{"value": "bottom"},
          "fill":{"value":"#333"}
        },
        "update":{
          "x":{"scale":"x","signal": "tooltip.x","band":0.5},
          "y":{"scale":"y","signal": "tooltip.y","offset":-2},
          "text":{"signal": "tooltip.y"},
          "fillOpacity":[
            {"test":"isNaN(tooltip.amount)","value": 0},
            {"value": 1}
          ]

        }

      }
    }

  ],

  "legends": [
    {
      "fill": "color",
      "title":"sex",
      "orient":"right"

  
    }
  






  ]
}